feature,importance
affluence_very_high,0.31014508
bedrooms,0.18954921
distance_to_cbd_km,0.073677205
Year12_Completion_Rate_Pct,0.071227886
income_x_seifa,0.058966815
IRSAD_Score,0.058350038
affluence_very_low,0.054368336
property_house,0.04620146
growth_moderate_growth,0.020752238
rental_count,0.017784785
affluence_low,0.014631605
Median_Household_Income_Weekly_AUD,0.012943852
house_change_perc_24-25,0.010839433
growth_declining,0.009071599
property_flat,0.008570808
employment_rate,0.008421661
affluence_medium,0.008198434
Labour_Force_Participation_Rate_Pct,0.0071541867
Unemployment_Rate_Pct,0.0066589667
Population_2021,0.006105614
growth_strong_growth,0.0028309743
affluence_high,0.0020534305
growth_slow_growth,0.0014963984
