feature,mean_absolute_shap_value
bedrooms,105.1409
distance_to_cbd_km,44.016678
Year12_Completion_Rate_Pct,36.258446
IRSAD_Score,33.416775
Unemployment_Rate_Pct,11.7604475
Median_Household_Income_Weekly_AUD,11.491794
income_x_seifa,11.414657
rental_count,9.361829
house_change_perc_24-25,8.485167
property_house,8.402999
Population_2021,6.589657
Labour_Force_Participation_Rate_Pct,6.4219823
affluence_very_high,6.3595686
employment_rate,3.9720125
property_flat,2.6431904
growth_declining,1.4834032
growth_moderate_growth,1.391781
affluence_very_low,1.1601068
affluence_low,1.1131816
affluence_medium,0.7515219
affluence_high,0.4726615
growth_slow_growth,0.16976358
growth_strong_growth,0.12001568
