number,mean_cv_rmse,datetime_start,datetime_complete,duration,params_colsample_bytree,params_learning_rate,params_max_depth,params_min_child_weight,params_n_estimators,params_reg_alpha,params_reg_lambda,params_subsample,trial_state,is_best_trial
0,59.34097286441681,2026-09-22 10:53:30.849430,2026-09-22 10:53:34.151989,0 days 00:00:03.302559,0.5779972601681014,0.2536999076681772,8,6,144,8.661761457749352,0.5808361216819946,0.5780093202212182,COMPLETE,False
1,57.729605395340016,2026-09-22 10:53:34.151989,2026-09-22 10:53:35.663170,0 days 00:00:01.511181,0.6061695553391381,0.11114989443094977,3,10,200,1.8340450985343382,1.8182496720710062,0.9162213204002109,COMPLETE,False
2,61.796687950843115,2026-09-22 10:53:35.663170,2026-09-22 10:53:37.257360,0 days 00:00:01.594190,0.569746930326021,0.05958389350068958,6,3,126,3.663618432936917,2.9214464853521815,0.8059264473611898,COMPLETE,False
3,55.120915686850914,2026-09-22 10:53:37.257360,2026-09-22 10:53:38.815836,0 days 00:00:01.558476,0.5232252063599989,0.14447746112718687,4,6,164,1.7052412368729153,6.075448519014383,0.7962072844310213,COMPLETE,False
4,60.618901514843955,2026-09-22 10:53:38.815836,2026-09-22 10:53:38.910900,0 days 00:00:00.095064,0.5488360570031919,0.2521267904777921,10,9,66,4.4015249373960135,6.842330265121569,0.6523068845866853,COMPLETE,False
5,69.83202820129313,2026-09-22 10:53:38.910900,2026-09-22 10:53:38.957923,0 days 00:00:00.047023,0.831261142176991,0.05388108577817234,3,10,80,5.200680211778108,3.1171107608941098,0.6293899908000085,COMPLETE,False
6,72.23501128155817,2026-09-22 10:53:38.957923,2026-09-22 10:53:39.280467,0 days 00:00:00.322544,0.9474136752138245,0.01875220945578641,10,8,187,9.218742350231167,5.978999788110851,0.9697494707820946,COMPLETE,False
7,116.53161885974933,2026-09-22 10:53:39.280467,2026-09-22 10:53:39.327621,0 days 00:00:00.047154,0.6356745158869479,0.01947558230629543,3,4,72,3.567533266935893,8.287375091519294,0.6943386448447411,COMPLETE,False
8,63.35463300254865,2026-09-22 10:53:39.327621,2026-09-22 10:53:39.404805,0 days 00:00:00.077184,0.9934434683002586,0.06333268775321843,4,9,120,1.987156815341724,7.722447692966574,0.5372753218398854,COMPLETE,False
9,62.06129353036063,2026-09-22 10:53:39.404805,2026-09-22 10:53:39.482416,0 days 00:00:00.077611,0.5370223258670452,0.1601531217136121,8,8,51,1.1586905952512971,3.5846572854427263,0.8856351733429728,COMPLETE,False
10,82.11437041122805,2026-09-22 10:53:39.482416,2026-09-22 10:53:39.724439,0 days 00:00:00.242023,0.713406447691657,0.010206070557576998,5,1,281,0.11852595611645333,9.597707459454202,0.7828065453407016,COMPLETE,False
11,56.84893593926661,2026-09-22 10:53:39.724439,2026-09-22 10:53:39.884053,0 days 00:00:00.159614,0.6793931487548484,0.11438892897450689,5,6,214,6.355171476922921,0.6782026776262082,0.8991358530198217,COMPLETE,False
12,56.92770255203861,2026-09-22 10:53:39.884053,2026-09-22 10:53:40.053544,0 days 00:00:00.169491,0.763889446515016,0.11274599461978617,5,6,232,6.768180580956152,4.687052188878424,0.8483208431135417,COMPLETE,False
13,60.09438214113273,2026-09-22 10:53:40.053544,2026-09-22 10:53:40.223610,0 days 00:00:00.170066,0.6840117785553761,0.12959963010175118,5,5,235,6.78512868864993,0.03451581364304834,0.9904901950640351,COMPLETE,False
14,58.89096283642326,2026-09-22 10:53:40.223610,2026-09-22 10:53:40.386929,0 days 00:00:00.163319,0.7992419340997907,0.09094399889520856,6,7,165,6.458851645033274,5.1674930018571175,0.7325384604808126,COMPLETE,False
15,63.163334574903374,2026-09-22 10:53:40.386929,2026-09-22 10:53:40.762660,0 days 00:00:00.375731,0.8660307551145614,0.03666491440817301,7,3,228,7.946453641120891,1.696861949315828,0.8274521313666163,COMPLETE,False
16,53.34935369573528,2026-09-22 10:53:40.762660,2026-09-22 10:53:40.922643,0 days 00:00:00.159983,0.6672349409769408,0.19721267634098238,4,5,285,5.4259174823330145,5.52476518366918,0.9191904809865727,COMPLETE,False
17,54.70999996540811,2026-09-22 10:53:40.922643,2026-09-22 10:53:41.072091,0 days 00:00:00.149448,0.5136095131955984,0.19174856311607258,4,4,297,2.759669838668322,6.201489077845577,0.7505409072564342,COMPLETE,False
18,55.539627255853226,2026-09-22 10:53:41.072091,2026-09-22 10:53:41.242979,0 days 00:00:00.170888,0.6391686706406166,0.22832299595632052,4,1,297,2.9316147602614993,4.357914855080031,0.740252733869219,COMPLETE,False
19,60.30952938478511,2026-09-22 10:53:41.242979,2026-09-22 10:53:41.599098,0 days 00:00:00.356119,0.736061287588024,0.19936162995857093,7,4,269,5.17199844902305,7.569243589107057,0.940188149672794,COMPLETE,False
20,55.45595168272136,2026-09-22 10:53:41.599098,2026-09-22 10:53:41.768336,0 days 00:00:00.169238,0.9048865877434273,0.2939589467247584,4,3,257,4.2909245032004835,9.353421952568548,0.8530011929464635,COMPLETE,False
21,53.41685299089429,2026-09-22 10:53:41.768336,2026-09-22 10:53:41.908079,0 days 00:00:00.139743,0.5009057000263308,0.17411842501549538,4,5,300,2.4138074974275536,6.332183540782425,0.7663785458629346,COMPLETE,False
22,54.50107545200806,2026-09-22 10:53:41.908079,2026-09-22 10:53:42.018642,0 days 00:00:00.110563,0.5052312630345501,0.18973918505814444,3,4,293,2.9294364361839413,5.84197666070513,0.67888902686499,COMPLETE,False
23,55.491850976742136,2026-09-22 10:53:42.018642,2026-09-22 10:53:42.119238,0 days 00:00:00.100596,0.5068974378713793,0.18078963024636885,3,5,253,2.8501960956994794,5.386605300013637,0.6662082814499004,COMPLETE,False
24,54.76485001220391,2026-09-22 10:53:42.119238,2026-09-22 10:53:42.240463,0 days 00:00:00.121225,0.6135015713510296,0.07754897319802873,3,2,280,0.4385986443030565,4.183848349905876,0.6183025485365758,COMPLETE,False
25,58.39953836178523,2026-09-22 10:53:42.240463,2026-09-22 10:53:42.403520,0 days 00:00:00.163057,0.5748879783477552,0.04038370046194382,4,5,300,5.602655037559371,6.580340992994793,0.7019084384466703,COMPLETE,False
26,56.81347506798279,2026-09-22 10:53:42.403520,2026-09-22 10:53:42.615545,0 days 00:00:00.212025,0.6468420866129154,0.2933802544746243,6,7,258,4.151160921924905,7.2057536288816575,0.5150294800627319,COMPLETE,False
27,54.135575336243015,2026-09-22 10:53:42.616763,2026-09-22 10:53:42.805241,0 days 00:00:00.188478,0.5069487790895082,0.08895659432910201,5,4,280,2.523646586310521,8.67416151883791,0.5765184944448171,COMPLETE,False
28,54.96949824421171,2026-09-22 10:53:42.805241,2026-09-22 10:53:42.999229,0 days 00:00:00.193988,0.676946132349248,0.08218283411847307,5,2,247,1.004541398592119,8.689640926217466,0.57877046372534,COMPLETE,False
29,54.50485132129106,2026-09-22 10:53:42.999229,2026-09-22 10:53:43.193123,0 days 00:00:00.193894,0.5965916191017284,0.15060844522811248,6,7,273,7.602193946913304,8.745997542100174,0.5713863551062195,COMPLETE,False
30,55.25016697095911,2026-09-22 10:53:43.193123,2026-09-22 10:53:43.365249,0 days 00:00:00.172126,0.5628871190436812,0.097313784551805,5,5,271,5.792497193469706,8.31768055992754,0.603069460218895,COMPLETE,False
31,54.14129135836504,2026-09-22 10:53:43.365249,2026-09-22 10:53:43.507878,0 days 00:00:00.142629,0.5036033248264689,0.22881495326894255,4,4,290,2.374783483951447,5.482839990977928,0.6906289540848718,COMPLETE,False
32,56.79778724108489,2026-09-22 10:53:43.507878,2026-09-22 10:53:43.650467,0 days 00:00:00.142589,0.5444429806681665,0.24508467510242696,4,4,281,2.1911483256969455,5.146335605328964,0.5024602102484226,COMPLETE,False
33,54.66255666911782,2026-09-22 10:53:43.650467,2026-09-22 10:53:43.772688,0 days 00:00:00.122221,0.5897624272939087,0.1512445750819453,4,3,201,3.546903288301168,4.022666921715574,0.7678137766305976,COMPLETE,False
34,55.86349708059184,2026-09-22 10:53:43.772688,2026-09-22 10:53:43.946438,0 days 00:00:00.173750,0.5006089137235434,0.21913194987875925,5,5,286,1.3483571785869755,6.725186234870388,0.5561206038798953,COMPLETE,False
35,54.816925744324706,2026-09-22 10:53:43.946438,2026-09-22 10:53:44.091881,0 days 00:00:00.145443,0.5438545959696105,0.12598309895701248,4,2,246,2.511241590163604,9.997565442550021,0.7105373602789729,COMPLETE,False
36,58.56107220009297,2026-09-22 10:53:44.091881,2026-09-22 10:53:44.205180,0 days 00:00:00.113299,0.6108361148907817,0.04616040756881259,3,6,265,4.448935880808005,2.4351455447877193,0.6438468898356766,COMPLETE,False
37,60.330711760540886,2026-09-22 10:53:44.206711,2026-09-22 10:53:44.382048,0 days 00:00:00.175337,0.5777424664398092,0.06963137883101701,7,4,124,3.5864358754668624,5.426103873668638,0.8157124508624857,COMPLETE,False
38,54.842753855176035,2026-09-22 10:53:44.382048,2026-09-22 10:53:44.546638,0 days 00:00:00.164590,0.5310774654137715,0.17180089069378154,5,3,221,1.877661480946879,7.190013811793191,0.9315077620588051,COMPLETE,False
39,59.13676606224882,2026-09-22 10:53:44.546638,2026-09-22 10:53:44.883643,0 days 00:00:00.337005,0.5605946894049068,0.09811234409690833,9,5,242,9.890767840782512,6.286797944729894,0.8753398828078675,COMPLETE,False
40,54.78436425122205,2026-09-22 10:53:44.883643,2026-09-22 10:53:45.056744,0 days 00:00:00.173101,0.5239999294578072,0.13669874630837348,6,4,201,0.6958050151084949,7.825063792241908,0.586174690943968,COMPLETE,False
41,55.93141260780442,2026-09-22 10:53:45.056744,2026-09-22 10:53:45.179480,0 days 00:00:00.122736,0.5068913858912463,0.2528153221856193,3,4,291,3.072941679434116,5.70371703329492,0.67952485828283,COMPLETE,False
42,57.17994215294796,2026-09-22 10:53:45.180488,2026-09-22 10:53:45.251017,0 days 00:00:00.070529,0.5581701155345167,0.2044706880876171,3,3,102,1.6322544020992615,4.6801174669584915,0.6390044705010473,COMPLETE,False
43,57.176114520940324,2026-09-22 10:53:45.251017,2026-09-22 10:53:45.332501,0 days 00:00:00.081484,0.5297602448712311,0.1799180441927455,3,5,145,2.3375839651235584,3.420135515476907,0.7151305474986567,COMPLETE,False
44,62.65888569482945,2026-09-22 10:53:45.332501,2026-09-22 10:53:45.471419,0 days 00:00:00.138918,0.5042064597141569,0.02832397490338921,4,6,287,4.698487061973934,5.787286061121449,0.6737835060520583,COMPLETE,False
45,56.61618664485502,2026-09-22 10:53:45.471419,2026-09-22 10:53:45.644275,0 days 00:00:00.172856,0.7787350608319898,0.2705806028040723,4,4,300,3.7976048737326984,4.654393266428814,0.7821841904500549,COMPLETE,False
46,53.31197574919183,2026-09-22 10:53:45.644275,2026-09-22 10:53:45.762554,0 days 00:00:00.118279,0.5407326691611748,0.16248356782936343,3,5,275,3.313509202169391,7.026557041385727,0.611310775687761,COMPLETE,True
47,54.9742422584098,2026-09-22 10:53:45.762554,2026-09-22 10:53:45.929497,0 days 00:00:00.166943,0.6273811186975972,0.118267271806308,5,7,262,1.5593500474861655,7.067509129683882,0.5923286749334031,COMPLETE,False
48,57.9542311868215,2026-09-22 10:53:45.929497,2026-09-22 10:53:46.052750,0 days 00:00:00.123253,0.7094304184867286,0.05451267986693873,3,6,277,3.2474303950752277,6.423797256546587,0.5449865126322335,COMPLETE,False
49,54.72942724241208,2026-09-22 10:53:46.052750,2026-09-22 10:53:46.196282,0 days 00:00:00.143532,0.5455786715462663,0.14990722775343757,4,5,271,5.616787381338312,7.855293396747461,0.6272497578382727,COMPLETE,False
